"user_id","firebase_id"
451,"yzyWKXB2XISXNqz2WswvKbfMC0K2"
465,"QY64T9qwYzXGmDSrkg0TNesDCNWN"
466,"Dqb5oYw9XcjIAKp5g198ms9PMSQw"
467,"pPkaAG6HXOZwq1djCpMd0Ezfz1DX"
409,"27lpq3Ilojg6FquRw84lNiizLLm2"
470,"r39HlmBhb5UgVAwyDB2GYDuK8fSD"
471,"3DvGVSw34qJxbF0iB7ofkb9kFOjb"
472,"j3Xvmv5uKzrwoGw7uPMWePhMPJBs"
473,"3gGu6By18HM3Vf6IhzFSoExF8PML"
474,"cOn8x0VWGhl5LyXRmevhryWMUndZ"
475,"wuCna5DiZgfHszkzz5bgxKWYGjeq"
479,"KXekBC4GeetrrKZdrZV6ycs0HhHO"
480,"ScRASZiWqTZNb4sfj3xcGMzErDzy"
481,"6H8nhBG094BnmsloczjIV5r0kuRb"
482,"gJ7RoOdDRgWZBHBdPNm7IHkEFPkL"
